CD_MICRO;NM_MICRO;SIGLA_UF;2013;2014;2015;2016;2017;2018
11001;Porto Velho;RO;0,00986;0,00968;0,00971;0,01006;0,01108;0,01074
11002;Guajará-Mirim;RO;0,00146;0,00153;0,00008;0,00216;0,00132;0,00244
11003;Ariquemes;RO;0,00826;0,00619;0,00587;0,0055;0,00694;0,00577
11004;Ji-Paraná;RO;-0,01646;-0,01663;-0,01704;-0,0177;-0,01666;-0,01731
11005;Alvorada D'Oeste;RO;-0,01577;-0,01667;-0,01589;-0,01559;-0,01548;-0,01634
11006;Cacoal;RO;-0,01262;-0,01216;-0,01276;-0,01336;-0,01268;-0,01424
11007;Vilhena;RO;0,01066;0,00956;0,00957;0,00941;0,01042;0,00967
11008;Colorado do Oeste;RO;-0,0254;-0,02712;-0,02806;-0,02869;-0,02758;-0,02898
12001;Cruzeiro do Sul;AC;0,00535;0,00578;0,00663;0,0071;0,01058;0,00991
12002;Tarauacá;AC;-0,00239;-0,0003;-0,00217;0,00023;0,00088;0,00004
12003;Sena Madureira;AC;0,00382;0,00641;0,00789;0,00853;0,01111;0,00945
12004;Rio Branco;AC;0,00998;0,00867;0,00905;0,00912;0,01049;0,01049
12005;Brasiléia;AC;0,01046;0,00965;0,01013;0,00932;0,01169;0,01009
13001;Rio Negro;AM;0,00683;0,00768;0,00727;0,00767;0,007;0,00731
13002;Japurá;AM;-0,02894;-0,02924;-0,03406;-0,03103;-0,03327;-0,03459
13003;Alto Solimões;AM;-0,01024;-0,0097;-0,01173;-0,00921;-0,00953;-0,00976
13004;Juruá;AM;-0,00635;-0,00671;-0,00641;-0,00634;-0,00396;-0,00556
13005;Tefé;AM;-0,02384;-0,02677;-0,02465;-0,02724;-0,02589;-0,02861
13006;Coari;AM;0,00225;0,0013;0,00144;0,00226;0,00265;0,00204
13007;Manaus;AM;0,0048;0,00462;0,00426;0,00488;0,00604;0,00636
13008;Rio Preto da Eva;AM;0,02408;0,02356;0,02393;0,02463;0,02483;0,02478
13009;Itacoatiara;AM;0,0005;0,00028;0,00049;0,00087;0,00089;0,0012
13010;Parintins;AM;-0,00253;-0,00298;-0,0027;-0,00283;-0,0019;-0,00427
13011;Boca do Acre;AM;-0,01308;-0,01465;-0,0143;-0,01354;-0,01198;-0,01486
13012;Purus;AM;-0,00284;-0,00305;-0,00334;-0,00246;-0,00176;-0,00253
13013;Madeira;AM;0,00664;0,00553;0,00486;0,00491;0,0051;0,00372
14001;Boa Vista;RR;0,01207;0,01255;0,01178;0,01242;0,01254;0,01262
14002;Nordeste de Roraima;RR;0,00512;0,0026;0,00242;0,00225;0,00239;0,00589
14003;Caracaraí;RR;0,01305;0,01388;0,01578;0,01401;0,01714;0,01587
14004;Sudeste de Roraima;RR;0,01871;0,01813;0,01827;0,01718;0,01676;0,01616
15001;Óbidos;PA;0,00275;0,00258;0,00172;0,00311;0,00306;0,0033
15002;Santarém;PA;-0,00649;-0,00589;-0,00658;-0,00659;-0,00591;-0,00667
15003;Almeirim;PA;-0,00113;-0,00269;-0,00199;-0,00232;-0,00151;-0,00027
15004;Portel;PA;0,00949;0,00981;0,00715;0,0072;0,00842;0,00846
15005;Furos de Breves;PA;-0,00284;-0,00417;-0,00484;-0,00427;-0,00432;-0,00532
15006;Arari;PA;0,01215;0,01198;0,01098;0,0107;0,01105;0,01103
15007;Belém;PA;0,0012;0,00084;0,00082;0,00119;0,00222;0,002
15008;Castanhal;PA;0,01031;0,01025;0,0105;0,01012;0,01136;0,01092
15009;Salgado;PA;0,00021;-0,00036;-0,00065;-0,00053;-0,00024;0,00091
15010;Bragantina;PA;-0,0009;-0,00156;-0,0019;-0,0011;-0,00056;-0,00086
15011;Cametá;PA;0,00358;0,00364;0,00338;0,00399;0,00475;0,00475
15012;Tomé-Açu;PA;0,01749;0,0173;0,01836;0,01909;0,01979;0,02132
15013;Guamá;PA;0,00514;0,00512;0,006;0,00649;0,00767;0,00863
15014;Itaituba;PA;-0,00776;-0,00509;-0,00751;-0,00643;-0,00587;-0,00717
15015;Altamira;PA;0,00706;0,00712;0,00668;0,00632;0,00737;0,00841
15016;Tucuruí;PA;0,01125;0,01142;0,01132;0,01169;0,01283;0,01328
15017;Paragominas;PA;0,0162;0,01737;0,01843;0,01871;0,01992;0,02058
15018;São Félix do Xingu;PA;0,05514;0,05709;0,05806;0,05911;0,06035;0,06106
15019;Parauapebas;PA;0,03684;0,03661;0,0372;0,0394;0,04231;0,04427
15020;Marabá;PA;0,01134;0,01068;0,01064;0,0105;0,01248;0,01261
15021;Redenção;PA;-0,00816;-0,00778;-0,0079;-0,00905;-0,0079;-0,00842
15022;Conceição do Araguaia;PA;0,02267;0,02386;0,0239;0,02428;0,02507;0,02553
16001;Oiapoque;AP;0,01976;0,01947;0,01856;0,02089;0,01877;0,0188
16002;Amapá;AP;0,01994;0,02192;0,02253;0,02078;0,02386;0,02334
16003;Macapá;AP;0,01343;0,0127;0,01258;0,01372;0,01415;0,01483
16004;Mazagão;AP;0,0131;0,01179;0,01151;0,01235;0,01462;0,01448
17001;Bico do Papagaio;TO;-0,00306;-0,00232;-0,00251;-0,00255;-0,00125;-0,00176
17002;Araguaína;TO;0,00405;0,00446;0,00428;0,00446;0,00518;0,005
17003;Miracema do Tocantins;TO;-0,0076;-0,00758;-0,00733;-0,00779;-0,00737;-0,00686
17004;Rio Formoso;TO;-0,0008;0,0006;-0,00071;0,00049;0,00037;0,00005
17005;Gurupi;TO;-0,00121;-0,00036;-0,00187;-0,00219;-0,00116;-0,00113
17006;Porto Nacional;TO;0,02231;0,02259;0,02239;0,02259;0,02383;0,02321
17007;Jalapão;TO;-0,00055;-0,0007;-0,00162;-0,00018;-0,00004;0,0001
17008;Dianópolis;TO;-0,00722;-0,00794;-0,00672;-0,00719;-0,00596;-0,00692
21001;Litoral Ocidental Maranhense;MA;-0,00826;-0,00758;-0,00796;-0,00722;-0,00709;-0,00762
21002;Aglomeração Urbana de São Luís;MA;0,00504;0,00565;0,00588;0,00589;0,00662;0,00668
21003;Rosário;MA;0,00212;0,00341;0,00301;0,00272;0,00329;0,00349
21004;Lençóis Maranhenses;MA;0,01146;0,011;0,01168;0,01173;0,01221;0,01232
21005;Baixada Maranhense;MA;-0,00039;-0,0004;0,00009;-0,00016;0,00016;-0,00029
21006;Itapecuru Mirim;MA;0,01819;0,01882;0,01714;0,01828;0,01984;0,01881
21007;Gurupi;MA;0,00356;0,00501;0,00461;0,0052;0,00726;0,00616
21008;Pindaré;MA;-0,0025;-0,002;-0,00261;-0,00221;-0,00177;-0,00132
21009;Imperatriz;MA;-0,00498;-0,00541;-0,00593;-0,00633;-0,00479;-0,00488
21010;Médio Mearim;MA;-0,01077;-0,0104;-0,01034;-0,00997;-0,00879;-0,00904
21011;Alto Mearim e Grajaú;MA;-0,00093;-0,00128;-0,00106;-0,00231;0,00143;-0,00098
21012;Presidente Dutra;MA;-0,00864;-0,00944;-0,00997;-0,00911;-0,00863;-0,01016
21013;Baixo Parnaíba Maranhense;MA;0,0013;0,00194;0,00196;0,00151;0,00251;0,00197
21014;Chapadinha;MA;-0,00005;0,00095;0,00053;0,00142;0,00348;0,00216
21015;Codó;MA;-0,00885;-0,00797;-0,00878;-0,00799;-0,00679;-0,00771
21016;Coelho Neto;MA;-0,0033;-0,00223;-0,00192;-0,00161;0,00077;-0,00067
21017;Caxias;MA;-0,00199;-0,00156;-0,00189;-0,00226;-0,00154;-0,00226
21018;Chapadas do Alto Itapecuru;MA;-0,00487;-0,00348;-0,00572;-0,00318;-0,00415;-0,00304
21019;Porto Franco;MA;0,0066;0,008;0,00795;0,00955;0,00871;0,00924
21020;Gerais de Balsas;MA;0,00456;0,00433;0,00458;0,00299;0,0049;0,00494
21021;Chapadas das Mangabeiras;MA;-0,0037;-0,00493;-0,00492;-0,00683;-0,00601;-0,00505
22001;Baixo Parnaíba Piauiense;PI;-0,00582;-0,00536;-0,00617;-0,00664;-0,00592;-0,00645
22002;Litoral Piauiense;PI;-0,0025;-0,00211;-0,00268;-0,003;-0,00282;-0,00308
22003;Teresina;PI;-0,00125;-0,00087;-0,00138;-0,00173;-0,00137;-0,00234
22004;Campo Maior;PI;-0,00862;-0,00747;-0,00762;-0,00799;-0,00647;-0,00749
22005;Médio Parnaíba Piauiense;PI;-0,00839;-0,00725;-0,00835;-0,00965;-0,00808;-0,00853
22006;Valença do Piauí;PI;-0,00857;-0,00834;-0,00849;-0,008;-0,01048;-0,0095
22007;Alto Parnaíba Piauiense;PI;0,0022;0,00052;0,00329;-0,00229;0,00152;0,00053
22008;Bertolínia;PI;-0,00557;-0,00528;-0,00579;-0,00593;-0,00549;-0,00634
22009;Floriano;PI;-0,00987;-0,00953;-0,01128;-0,01046;-0,01048;-0,01117
22010;Alto Médio Gurguéia;PI;-0,0008;-0,00151;-0,00092;-0,00122;-0,001;-0,00141
22011;São Raimundo Nonato;PI;-0,00097;-0,00178;-0,00161;-0,00228;-0,00257;-0,0023
22012;Chapadas do Extremo Sul Piauiense;PI;-0,00705;-0,00716;-0,00714;-0,00638;-0,00673;-0,00797
22013;Picos;PI;-0,00265;-0,0025;-0,00375;-0,00334;-0,00334;-0,00392
22014;Pio IX;PI;-0,00207;0,00091;-0,00028;-0,00196;-0,0007;-0,0005
22015;Alto Médio Canindé;PI;-0,00317;-0,00241;-0,00281;-0,00318;-0,00299;-0,00306
23001;Litoral de Camocim e Acaraú;CE;-0,00085;-0,00059;-0,00071;-0,00089;-0,00086;-0,00172
23002;Ibiapaba;CE;-0,001;-0,0007;-0,00086;-0,00123;-0,00174;-0,00153
23003;Coreaú;CE;-0,00263;-0,00199;-0,00339;0,00025;-0,00109;-0,00164
23004;Meruoca;CE;0,00338;0,00216;0,00376;0,00561;0,00514;0,00334
23005;Sobral;CE;0,00202;0,00229;0,00154;0,00303;0,00254;0,00272
23006;Ipu;CE;-0,00924;-0,00827;-0,00825;-0,00823;-0,00895;-0,01022
23007;Santa Quitéria;CE;-0,00735;-0,00614;-0,0064;-0,00357;-0,00209;-0,00559
23008;Itapipoca;CE;0,00454;0,00453;0,00391;0,00331;0,00305;0,00321
23009;Baixo Curu;CE;0,00318;0,00214;0,00158;0,00173;0,00137;0,0019
23010;Uruburetama;CE;0,00212;0,00276;0,0016;0,00138;0,002;0,00291
23011;Médio Curu;CE;0,00039;0,00045;0,00217;-0,00055;0,00147;0,00027
23012;Canindé;CE;-0,00048;0,0003;-0,00151;-0,00067;0,00007;-0,00013
23013;Baturité;CE;-0,00331;-0,00235;-0,00402;-0,00365;-0,00244;-0,00221
23014;Chorozinho;CE;-0,00133;-0,00292;-0,00323;-0,00172;-0,00246;0,0002
23015;Cascavel;CE;0,00479;0,00414;0,00352;0,0031;0,00336;0,00391
23016;Fortaleza;CE;0,00313;0,0034;0,00273;0,00214;0,00247;0,00312
23017;Pacajus;CE;0,02674;0,02633;0,02594;0,02543;0,02711;0,02753
23018;Sertão de Cratéus;CE;-0,00741;-0,00607;-0,00705;-0,00719;-0,00654;-0,00675
23019;Sertão de Quixeramobim;CE;-0,00006;0,00144;0,00018;0,00013;0,0009;0,00032
23020;Sertão de Inhamuns;CE;-0,00462;-0,00463;-0,00461;-0,00446;-0,00502;-0,00502
23021;Sertão de Senador Pompeu;CE;-0,00467;-0,00334;-0,00389;-0,00439;-0,00359;-0,00427
23022;Litoral de Aracati;CE;0,00252;0,00202;0,0017;0,00107;0,00058;0,00117
23023;Baixo Jaguaribe;CE;-0,00093;-0,00026;-0,00053;-0,00201;-0,00101;-0,00101
23024;Médio Jaguaribe;CE;-0,00872;-0,00872;-0,00855;-0,0089;-0,00723;-0,00884
23025;Serra do Pereiro;CE;-0,00442;-0,00423;-0,00661;-0,00386;-0,00453;-0,00366
23026;Iguatu;CE;-0,00397;-0,00359;-0,00501;-0,00498;-0,00374;-0,00396
23027;Várzea Alegre;CE;-0,00517;-0,00444;-0,00501;-0,00551;-0,00397;-0,00537
23028;Lavras da Mangabeira;CE;-0,00717;-0,00709;-0,00788;-0,00895;-0,00781;-0,00901
23029;Chapada do Araripe;CE;-0,00702;-0,00649;-0,00504;-0,00623;-0,00546;-0,00722
23030;Caririaçu;CE;-0,01092;-0,01216;-0,01243;-0,01139;-0,01185;-0,01192
23031;Barro;CE;-0,00843;-0,00923;-0,01024;-0,00843;-0,00828;-0,00926
23032;Cariri;CE;-0,00058;-0,00051;-0,0005;-0,00102;-0,00063;-0,00104
23033;Brejo Santo;CE;0;-0,00071;-0,00191;-0,00143;-0,00052;-0,00015
24001;Mossoró;RN;0,00657;0,00609;0,00619;0,00572;0,00751;0,00666
24002;Chapada do Apodi;RN;-0,00783;-0,0072;-0,0084;-0,00812;-0,00655;-0,00669
24003;Médio Oeste;RN;-0,00518;-0,00574;-0,00653;-0,00543;-0,00286;-0,00456
24004;Vale do Açu;RN;0,00024;0,00109;-0,00036;-0,00101;0,00101;-0,00016
24005;Serra de São Miguel;RN;-0,00618;-0,00331;-0,00512;-0,00535;-0,00496;-0,00675
24006;Pau dos Ferros;RN;-0,00744;-0,00671;-0,00766;-0,00804;-0,00682;-0,00681
24007;Umarizal;RN;-0,00751;-0,00627;-0,00753;-0,00739;-0,00552;-0,00553
24008;Macau;RN;0,00672;0,00808;0,00384;0,00368;0,00718;0,00575
24009;Angicos;RN;-0,01055;-0,00925;-0,00892;-0,01065;-0,0083;-0,00933
24010;Serra de Santana;RN;-0,00917;-0,00828;-0,0096;-0,00948;-0,0071;-0,00858
24011;Seridó Ocidental;RN;-0,00106;-0,00033;0,0003;-0,00056;0,0004;0,00008
24012;Seridó Oriental;RN;-0,00643;-0,00659;-0,00674;-0,00635;-0,00414;-0,00652
24013;Baixa Verde;RN;-0,00302;-0,00183;-0,00294;-0,00266;-0,00159;-0,00276
24014;Borborema Potiguar;RN;-0,00549;-0,00501;-0,0061;-0,00575;-0,00518;-0,00564
24015;Agreste Potiguar;RN;-0,00061;-0,00026;-0,00064;-0,00041;0,00004;0,00002
24016;Litoral Nordeste;RN;-0,00032;-0,00289;-0,00335;-0,00191;-0,00058;-0,001
24017;Macaíba;RN;0,00446;0,0041;0,00345;0,00362;0,00533;0,00419
24018;Natal;RN;0,00671;0,00688;0,00671;0,00667;0,00808;0,00798
24019;Litoral Sul;RN;-0,00141;-0,00092;0,00012;-0,00093;-0,0001;-0,00053
25001;Catolé do Rocha;PB;-0,00365;-0,00315;-0,00339;-0,0036;-0,00238;-0,00265
25002;Cajazeiras;PB;-0,0039;-0,00327;-0,00373;-0,00459;-0,00316;-0,00408
25003;Sousa;PB;-0,00655;-0,0059;-0,00648;-0,00658;-0,00495;-0,00573
25004;Patos;PB;-0,00291;-0,00302;-0,00401;-0,00429;-0,00297;-0,00445
25005;Piancó;PB;-0,012;-0,01081;-0,01171;-0,01345;-0,01099;-0,01199
25006;Itaporanga;PB;-0,00905;-0,01006;-0,01181;-0,01047;-0,01025;-0,01129
25007;Serra do Teixeira;PB;-0,00478;-0,00417;-0,00485;-0,00574;-0,00475;-0,00485
25008;Seridó Ocidental Paraibano;PB;-0,00443;-0,00432;-0,00571;-0,0059;-0,00188;-0,00432
25009;Seridó Oriental Paraibano;PB;-0,00186;-0,00249;-0,00323;-0,00273;-0,00062;-0,00168
25010;Cariri Ocidental;PB;-0,0028;-0,00293;-0,00474;-0,00395;-0,00351;-0,004
25011;Cariri Oriental;PB;-0,00522;-0,00507;-0,00603;-0,0063;-0,00538;-0,00556
25012;Curimataú Ocidental;PB;0,0005;-0,0001;-0,00092;-0,00018;0,00125;-0,00028
25013;Curimataú Oriental;PB;-0,00897;-0,00941;-0,00923;-0,00901;-0,00905;-0,00952
25014;Esperança;PB;-0,00181;-0,00137;-0,00397;-0,00236;-0,00102;-0,00087
25015;Brejo Paraibano;PB;-0,0138;-0,01328;-0,01375;-0,0148;-0,01329;-0,01467
25016;Guarabira;PB;-0,00715;-0,00723;-0,009;-0,00798;-0,00695;-0,00795
25017;Campina Grande;PB;-0,00453;-0,00442;-0,00578;-0,00562;-0,0047;-0,00545
25018;Itabaiana;PB;-0,0091;-0,0095;-0,01117;-0,01091;-0,00959;-0,01005
25019;Umbuzeiro;PB;-0,0134;-0,01277;-0,01438;-0,01322;-0,01295;-0,01341
25020;Litoral Norte;PB;-0,00283;-0,00221;-0,00179;-0,00305;-0,00359;-0,00461
25021;Sapé;PB;-0,00449;-0,00406;-0,00325;-0,0041;-0,00335;-0,00565
25022;João Pessoa;PB;0,00506;0,00447;0,0045;0,00366;0,00427;0,00326
25023;Litoral Sul;PB;-0,00425;-0,00591;-0,00508;-0,00662;-0,00626;-0,00718
26001;Araripina;PE;-0,00646;-0,00505;-0,00569;-0,00597;-0,00438;-0,00502
26002;Salgueiro;PE;-0,00978;-0,00828;-0,00864;-0,00941;-0,00729;-0,00708
26003;Pajeú;PE;-0,00721;-0,00647;-0,0072;-0,00714;-0,00502;-0,00665
26004;Sertão do Moxotó;PE;0,00065;0,00134;0,00126;0,00276;0,00341;0,00176
26005;Petrolina;PE;0,00725;0,00708;0,00616;0,00639;0,00747;0,00771
26006;Itaparica;PE;-0,00236;-0,00181;-0,0018;-0,00128;-0,00015;-0,00053
26007;Vale do Ipanema;PE;-0,00396;-0,00333;-0,00358;-0,00299;-0,00124;-0,00289
26008;Vale do Ipojuca;PE;0,00161;0,00178;0,00122;0,00204;0,00412;0,00184
26009;Alto Capibaribe;PE;0,01395;0,01456;0,01485;0,01561;0,01714;0,01598
26010;Médio Capibaribe;PE;-0,00736;-0,00754;-0,00753;-0,00664;-0,00576;-0,00671
26011;Garanhuns;PE;-0,00634;-0,00624;-0,00639;-0,00757;-0,00522;-0,00626
26012;Brejo Pernambucano;PE;-0,00721;-0,00837;-0,00785;-0,00842;-0,00679;-0,00783
26013;Mata Setentrional Pernambucana;PE;-0,00592;-0,00575;-0,00666;-0,00645;-0,00397;-0,0052
26014;Vitória de Santo Antão;PE;-0,00376;-0,00354;-0,00451;-0,00407;-0,00252;-0,00462
26015;Mata Meridional Pernambucana;PE;-0,00399;-0,00508;-0,00649;-0,00497;-0,00261;-0,00266
26016;Itamaracá;PE;0,00952;0,0083;0,0085;0,00772;0,00997;0,01003
26017;Recife;PE;-0,00323;-0,00375;-0,00429;-0,0043;-0,00277;-0,00395
26018;Suape;PE;0,00618;0,00696;0,00807;0,00687;0,00874;0,00795
26019;Fernando de Noronha;PE;0,02225;0,00769;0,01186;0,01548;0,01107;0,01625
27001;Serrana do Sertão Alagoano;AL;-0,01485;-0,01532;-0,01398;-0,01476;-0,01247;-0,01479
27002;Alagoana do Sertão do São Francisco;AL;-0,00368;-0,00297;-0,0039;-0,00466;-0,00226;-0,00312
27003;Santana do Ipanema;AL;-0,01136;-0,01048;-0,01137;-0,01108;-0,00983;-0,01037
27004;Batalha;AL;-0,01026;-0,00989;-0,00965;-0,00864;-0,0083;-0,00956
27005;Palmeira dos Índios;AL;-0,01297;-0,01217;-0,01424;-0,0127;-0,01174;-0,01338
27006;Arapiraca;AL;-0,00356;-0,00354;-0,00451;-0,00477;-0,00197;-0,00347
27007;Traipu;AL;-0,00935;-0,00725;-0,00452;-0,00677;-0,00721;-0,00533
27008;Serrana dos Quilombos;AL;-0,01251;-0,01226;-0,0131;-0,01221;-0,01111;-0,01261
27009;Mata Alagoana;AL;-0,00942;-0,00883;-0,00823;-0,00815;-0,00713;-0,00743
27010;Litoral Norte Alagoano;AL;-0,00104;-0,00004;0,00152;0,00086;0,00047;0
27011;Maceió;AL;0,00224;0,00194;0,00212;0,0014;0,00258;0,00148
27012;São Miguel dos Campos;AL;-0,00099;-0,00152;-0,00112;-0,00067;0,00073;0,00026
27013;Penedo;AL;-0,00953;-0,0098;-0,00984;-0,00866;-0,00805;-0,00886
28001;Sergipana do Sertão do São Francisco;SE;0,00046;-0,00074;-0,00004;-0,0001;0,00033;-0,00014
28002;Carira;SE;-0,00114;-0,00153;-0,00219;-0,00102;0,00176;-0,00078
28003;Nossa Senhora das Dores;SE;-0,00372;-0,00439;-0,00389;-0,00469;-0,00251;-0,00421
28004;Agreste de Itabaiana;SE;-0,00299;-0,00213;-0,00294;-0,0022;-0,00049;-0,00214
28005;Tobias Barreto;SE;-0,00292;-0,00283;-0,00326;-0,00264;-0,00249;-0,00362
28006;Agreste de Lagarto;SE;-0,00139;-0,00189;-0,00181;-0,00196;-0,00129;-0,00307
28007;Propriá;SE;-0,0081;-0,00996;-0,00994;-0,00958;-0,01084;-0,01036
28008;Cotinguiba;SE;-0,00068;-0,00044;-0,00083;0,00045;0,00165;0,00057
28009;Japaratuba;SE;-0,00176;-0,00283;-0,00429;-0,00354;-0,00188;-0,00331
28010;Baixo Cotinguiba;SE;-0,00003;0,00058;0,00007;0,00125;0,00201;0,0008
28011;Aracaju;SE;0,00688;0,00665;0,00645;0,00605;0,00729;0,00666
28012;Boquim;SE;-0,00643;-0,00586;-0,00608;-0,00502;-0,00501;-0,00603
28013;Estância;SE;-0,00386;-0,00336;-0,00379;-0,00308;-0,00291;-0,00459
29001;Barreiras;BA;0,01705;0,01654;0,01575;0,01687;0,01745;0,01692
29002;Cotegipe;BA;-0,0099;-0,00869;-0,00754;-0,00772;-0,00858;-0,00813
29003;Santa Maria da Vitória;BA;-0,01386;-0,01372;-0,01448;-0,01416;-0,01285;-0,01381
29004;Juazeiro;BA;-0,00538;-0,00523;-0,0051;-0,00669;-0,00534;-0,00701
29005;Paulo Afonso;BA;-0,00388;-0,00275;-0,00364;-0,00408;-0,00249;-0,00277
29006;Barra;BA;-0,0089;-0,00767;-0,00847;-0,00906;-0,00864;-0,00808
29007;Bom Jesus da Lapa;BA;-0,00793;-0,00848;-0,00874;-0,00765;-0,00811;-0,00811
29008;Senhor do Bonfim;BA;-0,0071;-0,00657;-0,00676;-0,00634;-0,00638;-0,00736
29009;Irecê;BA;-0,00736;-0,00612;-0,00675;-0,00677;-0,0063;-0,00684
29010;Jacobina;BA;-0,00933;-0,00833;-0,00821;-0,00952;-0,00898;-0,01011
29011;Itaberaba;BA;-0,01028;-0,00998;-0,01053;-0,01019;-0,0102;-0,0106
29012;Feira de Santana;BA;-0,00235;-0,00171;-0,00199;-0,00226;-0,00223;-0,00224
29013;Jeremoabo;BA;-0,01895;-0,01689;-0,01767;-0,01557;-0,01497;-0,01645
29014;Euclides da Cunha;BA;-0,01039;-0,00941;-0,01035;-0,01014;-0,01041;-0,01104
29015;Ribeira do Pombal;BA;-0,00547;-0,00461;-0,00569;-0,00315;-0,00433;-0,00508
29016;Serrinha;BA;-0,00527;-0,00513;-0,00543;-0,0048;-0,00499;-0,00547
29017;Alagoinhas;BA;-0,00271;-0,00216;-0,00224;-0,0037;-0,00272;-0,00285
29018;Entre Rios;BA;-0,00245;-0,0017;-0,00051;-0,00147;-0,00125;-0,00131
29019;Catu;BA;-0,00088;-0,00035;0,00041;0,00101;0,00048;0,00077
29020;Santo Antônio de Jesus;BA;-0,00364;-0,00351;-0,00312;-0,00361;-0,0039;-0,00391
29021;Salvador;BA;0,00215;0,00211;0,00213;0,00211;0,00227;0,00235
29022;Boquira;BA;-0,00503;-0,00513;-0,00559;-0,00434;-0,00499;-0,00545
29023;Seabra;BA;-0,01177;-0,01183;-0,01033;-0,01146;-0,01071;-0,01187
29024;Jequié;BA;-0,01227;-0,01243;-0,01175;-0,01213;-0,0114;-0,01163
29025;Livramento do Brumado;BA;-0,00386;-0,00306;-0,00427;-0,00332;-0,00357;-0,00461
29026;Guanambi;BA;-0,00686;-0,00678;-0,00714;-0,0074;-0,00649;-0,0069
29027;Brumado;BA;-0,01823;-0,01799;-0,01866;-0,01725;-0,01787;-0,01694
29028;Vitória da Conquista;BA;-0,00781;-0,00737;-0,00805;-0,00808;-0,0079;-0,00832
29029;Itapetinga;BA;-0,0143;-0,01327;-0,0114;-0,01295;-0,01038;-0,01023
29030;Valença;BA;-0,00286;-0,00186;-0,00182;-0,00338;-0,00294;-0,00389
29031;Ilhéus-Itabuna;BA;-0,01819;-0,01771;-0,01709;-0,01719;-0,01614;-0,01742
29032;Porto Seguro;BA;-0,00006;0,00079;0,00031;0,00021;0,00121;0,00107
31001;Unaí;MG;-0,00395;-0,00437;-0,0046;-0,00379;-0,00324;-0,00535
31002;Paracatu;MG;-0,00119;-0,00108;-0,00193;-0,0029;-0,00196;-0,00281
31003;Januária;MG;-0,00496;-0,00567;-0,00626;-0,0049;-0,00508;-0,00528
31004;Janaúba;MG;-0,00684;-0,00748;-0,00865;-0,00787;-0,00731;-0,00745
31005;Salinas;MG;-0,00512;-0,00504;-0,00575;-0,00577;-0,00485;-0,00498
31006;Pirapora;MG;-0,00464;-0,00467;-0,00566;-0,00545;-0,00307;-0,00516
31007;Montes Claros;MG;-0,00124;-0,00117;-0,002;-0,00202;-0,0012;-0,00254
31008;Grão Mogol;MG;-0,00548;-0,00698;-0,00673;-0,0057;-0,00329;-0,00534
31009;Bocaiúva;MG;-0,00365;-0,00342;-0,0036;-0,00258;-0,00323;-0,0031
31010;Diamantina;MG;-0,00911;-0,00924;-0,01076;-0,01026;-0,01072;-0,01196
31011;Capelinha;MG;-0,00566;-0,00597;-0,00572;-0,00504;-0,00553;-0,00621
31012;Araçuaí;MG;-0,00573;-0,00635;-0,00731;-0,00617;-0,00694;-0,00727
31013;Pedra Azul;MG;-0,01196;-0,0125;-0,01242;-0,01279;-0,01044;-0,01066
31014;Almenara;MG;-0,00565;-0,005;-0,0053;-0,00487;-0,00542;-0,00547
31015;Teófilo Otoni;MG;-0,00729;-0,00762;-0,00799;-0,00807;-0,00733;-0,0084
31016;Nanuque;MG;-0,01045;-0,01087;-0,01183;-0,01066;-0,01019;-0,01027
31017;Ituiutaba;MG;-0,00075;-0,00072;-0,00132;-0,00107;-0,00202;-0,00197
31018;Uberlândia;MG;0,00373;0,00347;0,00301;0,00254;0,00294;0,00223
31019;Patrocínio;MG;-0,00299;-0,00399;-0,00354;-0,00372;-0,0038;-0,00412
31020;Patos de Minas;MG;-0,00059;-0,00107;-0,00173;-0,003;-0,00216;-0,00296
31021;Frutal;MG;0,00625;0,00657;0,00627;0,00611;0,00717;0,0063
31022;Uberaba;MG;0,00749;0,00741;0,00625;0,00606;0,00716;0,0067
31023;Araxá;MG;0,00618;0,00628;0,00588;0,00418;0,00452;0,0047
31024;Três Marias;MG;-0,00008;-0,00056;-0,0012;-0,00079;-0,00024;-0,00047
31025;Curvelo;MG;-0,00404;-0,00386;-0,00546;-0,00418;-0,0037;-0,00425
31026;Bom Despacho;MG;0,00109;0,00265;0,00202;0,00128;0,00071;0,00095
31027;Sete Lagoas;MG;0,00248;0,00195;0,00129;0,00132;0,00275;0,00207
31028;Conceição do Mato Dentro;MG;-0,01431;-0,01476;-0,01607;-0,01549;-0,01471;-0,01552
31029;Pará de Minas;MG;0,00452;0,00388;0,00289;0,0023;0,00373;0,00309
31030;Belo Horizonte;MG;-0,00041;-0,00057;-0,00098;-0,00118;-0,00028;-0,0007
31031;Itabira;MG;-0,00279;-0,0033;-0,00401;-0,00414;-0,00323;-0,0032
31032;Itaguara;MG;-0,00164;-0,00093;-0,00206;-0,00397;-0,00175;-0,00238
31033;Ouro Preto;MG;-0,00078;-0,00071;-0,00139;-0,0018;-0,00088;-0,00073
31034;Conselheiro Lafaiete;MG;0,00076;0,00092;-0,00014;-0,00017;0,00014;0,0003
31035;Guanhães;MG;-0,00769;-0,00769;-0,00738;-0,00793;-0,00806;-0,00831
31036;Peçanha;MG;-0,01362;-0,01197;-0,01272;-0,01225;-0,01269;-0,01327
31037;Governador Valadares;MG;-0,00592;-0,00591;-0,00674;-0,0067;-0,00652;-0,00614
31038;Mantena;MG;-0,00693;-0,00576;-0,00709;-0,00854;-0,00706;-0,00752
31039;Ipatinga;MG;-0,00076;-0,00047;-0,00129;-0,00113;-0,00002;-0,00044
31040;Caratinga;MG;-0,00408;-0,00389;-0,00488;-0,00508;-0,00432;-0,00425
31041;Aimorés;MG;-0,00828;-0,00806;-0,00876;-0,0091;-0,00802;-0,00853
31042;Piuí;MG;-0,00096;-0,00117;-0,00195;-0,00171;-0,00161;-0,00293
31043;Divinópolis;MG;0,01274;0,01254;0,01274;0,01312;0,01426;0,01386
31044;Formiga;MG;-0,00254;-0,00314;-0,00332;-0,003;-0,00264;-0,00352
31045;Campo Belo;MG;-0,00099;-0,00174;-0,0018;-0,0017;-0,00152;-0,0021
31046;Oliveira;MG;-0,00184;-0,00195;-0,00198;-0,00258;-0,00159;-0,00191
31047;Passos;MG;-0,00236;-0,00152;-0,00208;-0,00234;-0,00232;-0,00304
31048;São Sebastião do Paraíso;MG;-0,00341;-0,00391;-0,00385;-0,00426;-0,00401;-0,00499
31049;Alfenas;MG;-0,00156;-0,00138;-0,00218;-0,00168;-0,002;-0,00201
31050;Varginha;MG;-0,00178;-0,00184;-0,00237;-0,00263;-0,00184;-0,00275
31051;Poços de Caldas;MG;0,00144;0,00183;0,00133;0,00107;0,00122;0,00084
31052;Pouso Alegre;MG;0,00559;0,00529;0,00507;0,00506;0,00542;0,0049
31053;Santa Rita do Sapucaí;MG;0,00015;-0,00071;-0,0006;0,00038;-0,00016;-0,00051
31054;São Lourenço;MG;-0,00106;-0,00125;-0,00155;-0,00237;-0,00169;-0,00219
31055;Andrelândia;MG;-0,00584;-0,00569;-0,00597;-0,0073;-0,00596;-0,00705
31056;Itajubá;MG;-0,00441;-0,00539;-0,00546;-0,00513;-0,0054;-0,00583
31057;Lavras;MG;0,00131;0,00011;-0,00005;0;0,00107;-0,00006
31058;São João Del Rei;MG;-0,0006;-0,00104;-0,00122;-0,00151;-0,00092;-0,0014
31059;Barbacena;MG;0,00054;-0,00004;-0,00037;-0,001;0,0001;-0,00028
31060;Ponte Nova;MG;-0,00894;-0,00848;-0,00969;-0,00963;-0,00976;-0,00997
31061;Manhuaçu;MG;-0,00284;-0,00254;-0,00374;-0,00381;-0,00355;-0,00353
31062;Viçosa;MG;-0,00535;-0,00493;-0,00491;-0,00551;-0,00432;-0,00503
31063;Muriaé;MG;-0,0034;-0,00305;-0,00352;-0,00315;-0,00276;-0,00294
31064;Ubá;MG;0,00259;0,00319;0,00256;0,00221;0,00346;0,0025
31065;Juiz de Fora;MG;0,00135;0,00164;0,00073;0,00073;0,00178;0,00074
31066;Cataguases;MG;-0,00244;-0,00257;-0,0037;-0,0032;-0,00288;-0,00397
32001;Barra de São Francisco;ES;-0,008;-0,00701;-0,00849;-0,00973;-0,00831;-0,00825
32002;Nova Venécia;ES;-0,00205;-0,00381;-0,00373;-0,00451;-0,00367;-0,00418
32003;Colatina;ES;-0,00164;-0,00223;-0,00285;-0,00395;-0,00372;-0,00372
32004;Montanha;ES;-0,00324;-0,00399;-0,00538;-0,00526;-0,00358;-0,00567
32005;São Mateus;ES;0,00314;0,00244;0,00131;0,00185;0,00229;0,00126
32006;Linhares;ES;0,0072;0,00647;0,00583;0,00589;0,00651;0,00644
32007;Afonso Cláudio;ES;-0,00415;-0,00516;-0,00579;-0,00559;-0,0048;-0,00542
32008;Santa Teresa;ES;-0,00211;-0,0021;-0,00316;-0,00308;-0,00383;-0,00343
32009;Vitória;ES;0,00228;0,00167;0,00111;0,00085;0,0019;0,00124
32010;Guarapari;ES;0,00359;0,00313;0,00165;0,00139;0,0023;0,00236
32011;Alegre;ES;-0,0076;-0,00665;-0,00814;-0,0083;-0,00655;-0,00838
32012;Cachoeiro de Itapemirim;ES;-0,00347;-0,00349;-0,00485;-0,00474;-0,00376;-0,00437
32013;Itapemirim;ES;-0,00276;-0,00325;-0,00451;-0,00464;-0,00516;-0,00489
33001;Itaperuna;RJ;0,00003;0,0002;-0,0004;-0,00072;0,00004;-0,0006
33002;Santo Antônio de Pádua;RJ;-0,00278;-0,0029;-0,00305;-0,00397;-0,0033;-0,00396
33003;Campos dos Goytacazes;RJ;0,00211;0,00058;-0,00083;-0,00136;-0,00007;-0,00054
33004;Macaé;RJ;0,02679;0,02624;0,02604;0,02576;0,02804;0,02758
33005;Três Rios;RJ;-0,00165;-0,00125;-0,00276;-0,00367;-0,00214;-0,00335
33006;Cantagalo-Cordeiro;RJ;-0,00169;-0,00006;-0,00181;-0,00226;-0,00128;-0,00262
33007;Nova Friburgo;RJ;-0,00332;-0,00261;-0,0029;-0,00349;-0,00246;-0,00298
33008;Santa Maria Madalena;RJ;-0,00359;-0,00383;-0,00587;-0,00615;-0,00409;-0,00522
33009;Bacia de São João;RJ;0,06765;0,06838;0,06956;0,071;0,0736;0,07482
33010;Lagos;RJ;0,02356;0,02393;0,02301;0,02265;0,02345;0,02295
33011;Vale do Paraíba Fluminense;RJ;-0,00111;-0,00067;-0,00152;-0,0015;-0,0006;-0,00098
33012;Barra do Piraí;RJ;0,00055;0,00016;-0,00026;-0,00079;-0,00003;-0,00029
33013;Baía da Ilha Grande;RJ;0,01967;0,01981;0,01852;0,01894;0,01945;0,02029
33014;Vassouras;RJ;0,00172;0,0019;0,00037;0,00014;0,0011;-0,00015
33015;Serrana;RJ;-0,0002;-0,00052;-0,00086;-0,00149;-0,00048;-0,00146
33016;Macacu-Caceribu;RJ;0,00212;0,00111;-0,00021;-0,00073;0,00058;0,00057
33017;Itaguaí;RJ;0,0154;0,01489;0,01472;0,01464;0,01526;0,0157
33018;Rio de Janeiro;RJ;-0,00122;-0,00132;-0,00202;-0,00236;-0,00098;-0,00194
35001;Jales;SP;-0,00373;-0,00427;-0,00586;-0,00506;-0,00448;-0,00594
35002;Fernandópolis;SP;-0,00228;-0,00288;-0,00339;-0,00414;-0,00261;-0,003
35003;Votuporanga;SP;0,00211;0,00161;0,00177;0,00032;0,00164;0,0015
35004;São José do Rio Preto;SP;0,00365;0,00361;0,0026;0,0027;0,00318;0,00281
35005;Catanduva;SP;0,00124;0,00186;0,0008;0,00149;0,0012;0,0011
35006;Auriflama;SP;-0,00228;-0,00307;-0,00303;-0,00278;-0,00209;-0,00315
35007;Nhandeara;SP;0,00503;0,00403;0,00302;0,00419;0,00414;0,00313
35008;Novo Horizonte;SP;0,00221;0,00244;0,00147;0,00159;0,0017;0,00118
35009;Barretos;SP;-0,00177;-0,00188;-0,00276;-0,00328;-0,00131;-0,00371
35010;São Joaquim da Barra;SP;0,00012;-0,00009;0,00053;-0,00024;0,00103;0,00007
35011;Ituverava;SP;-0,00165;-0,00145;-0,00232;-0,00216;-0,00132;-0,00316
35012;Franca;SP;-0,00156;-0,00181;-0,0026;-0,00308;-0,00293;-0,00327
35013;Jaboticabal;SP;-0,00291;-0,00303;-0,00352;-0,00301;-0,00304;-0,00342
35014;Ribeirão Preto;SP;0,00729;0,00732;0,00671;0,00637;0,00765;0,007
35015;Batatais;SP;-0,00116;-0,00059;-0,0009;-0,00211;-0,00073;-0,00167
35016;Andradina;SP;-0,00438;-0,00411;-0,0041;-0,00433;-0,00335;-0,00397
35017;Araçatuba;SP;0,00107;0,00074;0,00055;0,00045;0,00148;0,0001
35018;Birigui;SP;0,0031;0,00237;0,00208;0,00173;0,00309;0,00178
35019;Lins;SP;-0,00058;-0,00013;-0,00032;-0,00066;-0,00006;-0,00041
35020;Bauru;SP;-0,00008;-0,00031;-0,00096;-0,00083;-0,00004;-0,00063
35021;Jaú;SP;0,00211;0,00171;0,00209;0,00179;0,00204;0,00189
35022;Avaré;SP;0,00174;0,00247;0,0019;0,00178;0,00281;0,00164
35023;Botucatu;SP;0,00421;0,00469;0,00286;0,00323;0,004;0,00376
35024;Araraquara;SP;0,00176;0,00179;0,00103;0,00107;0,0022;0,00103
35025;São Carlos;SP;0,00263;0,00264;0,00209;0,00168;0,00177;0,00138
35026;Rio Claro;SP;0,00203;0,00212;0,00147;0,00116;0,00175;0,00149
35027;Limeira;SP;0,0028;0,00281;0,00203;0,00231;0,00223;0,0023
35028;Piracicaba;SP;0,00168;0,00135;0,00097;0,00054;0,00141;0,00054
35029;Pirassununga;SP;0,00108;0,00058;0,00069;0,00088;-0,00014;0,00036
35030;São João da Boa Vista;SP;-0,00388;-0,00423;-0,00483;-0,00473;-0,00469;-0,00546
35031;Mogi Mirim;SP;0,00273;0,00279;0,00261;0,00229;0,00245;0,00236
35032;Campinas;SP;0,00643;0,00639;0,00612;0,00552;0,00636;0,006
35033;Amparo;SP;0,00286;0,00228;0,00186;0,00174;0,00299;0,00166
35034;Dracena;SP;-0,00077;-0,00072;-0,00214;-0,00159;-0,00134;-0,00134
35035;Adamantina;SP;-0,00121;-0,00098;-0,00163;-0,00035;-0,00046;-0,00115
35036;Presidente Prudente;SP;-0,00353;-0,00356;-0,0042;-0,00454;-0,0037;-0,00464
35037;Tupã;SP;-0,00611;-0,00645;-0,00662;-0,00777;-0,00624;-0,00701
35038;Marília;SP;-0,0027;-0,00274;-0,003;-0,00348;-0,00335;-0,00438
35039;Assis;SP;-0,00199;-0,00187;-0,00235;-0,0032;-0,00229;-0,00327
35040;Ourinhos;SP;-0,00244;-0,00209;-0,00218;-0,00253;-0,00185;-0,00314
35041;Itapeva;SP;-0,00821;-0,00861;-0,00847;-0,00921;-0,00848;-0,00882
35042;Itapetininga;SP;0,00515;0,00491;0,0044;0,00409;0,00485;0,00433
35043;Tatuí;SP;0,00953;0,01002;0,00901;0,00927;0,00977;0,00946
35044;Capão Bonito;SP;-0,01572;-0,01657;-0,0172;-0,01725;-0,01583;-0,0175
35045;Piedade;SP;-0,00444;-0,00448;-0,0047;-0,00564;-0,00464;-0,00621
35046;Sorocaba;SP;0,00436;0,00455;0,00418;0,00376;0,00441;0,00377
35047;Jundiaí;SP;0,00604;0,00607;0,00618;0,00533;0,00616;0,00593
35048;Bragança Paulista;SP;0,00715;0,00651;0,00655;0,00604;0,00702;0,00626
35049;Campos do Jordão;SP;-0,0045;-0,00484;-0,00533;-0,00527;-0,00486;-0,0056
35050;São José dos Campos;SP;0,00121;0,00106;0,00034;0,00065;0,00111;0,00059
35051;Guaratinguetá;SP;-0,00197;-0,00207;-0,00227;-0,00232;-0,00205;-0,0026
35052;Bananal;SP;-0,00356;-0,00256;-0,00331;-0,00272;-0,00287;-0,00404
35053;Paraibuna/Paraitinga;SP;-0,00734;-0,00697;-0,00789;-0,00759;-0,00749;-0,00993
35054;Caraguatatuba;SP;0,00917;0,00985;0,00897;0,00829;0,00917;0,00799
35055;Registro;SP;-0,01119;-0,01104;-0,01204;-0,0124;-0,01161;-0,01208
35056;Itanhaém;SP;0,00826;0,00884;0,00833;0,00861;0,00912;0,00811
35057;Osasco;SP;-0,00469;-0,00482;-0,00506;-0,00556;-0,00473;-0,00508
35058;Franco da Rocha;SP;0,00579;0,00543;0,00476;0,00438;0,00531;0,00485
35059;Guarulhos;SP;-0,00129;-0,00132;-0,00165;-0,00228;-0,00126;-0,00176
35060;Itapecerica da Serra;SP;0,00364;0,00368;0,00347;0,00333;0,00439;0,00369
35061;São Paulo;SP;-0,00511;-0,00493;-0,00542;-0,00565;-0,00501;-0,00561
35062;Mogi das Cruzes;SP;0,00071;0,00105;0,0005;-0,00032;0,00053;0,00018
35063;Santos;SP;0,0006;0,00108;0,0007;0,00087;0,00173;0,00135
41001;Paranavaí;PR;-0,00523;-0,00511;-0,00635;-0,00639;-0,00574;-0,00665
41002;Umuarama;PR;-0,00602;-0,00634;-0,00744;-0,00748;-0,00682;-0,00799
41003;Cianorte;PR;0,00201;0,0019;0,00175;0,00109;0,00223;0,00113
41004;Goioerê;PR;-0,01785;-0,0188;-0,01893;-0,01947;-0,01925;-0,02048
41005;Campo Mourão;PR;-0,00913;-0,00951;-0,01015;-0,00979;-0,00936;-0,01087
41006;Astorga;PR;-0,0023;-0,00334;-0,00352;-0,00501;-0,00387;-0,00482
41007;Porecatu;PR;-0,00876;-0,00806;-0,00959;-0,00989;-0,01006;-0,00999
41008;Floraí;PR;-0,0049;-0,0061;-0,00622;-0,00459;-0,00588;-0,00676
41009;Maringá;PR;0,00709;0,0066;0,00613;0,00529;0,00578;0,00499
41010;Apucarana;PR;0,0034;0,00253;0,00151;0,00189;0,00256;0,0017
41011;Londrina;PR;0,00195;0,00135;0,00125;0,00089;0,00131;0,00055
41012;Faxinal;PR;-0,01048;-0,01169;-0,01321;-0,01238;-0,01124;-0,01317
41013;Ivaiporã;PR;-0,01675;-0,01635;-0,01791;-0,01725;-0,0171;-0,0179
41014;Assaí;PR;-0,01298;-0,01204;-0,01418;-0,01333;-0,01195;-0,01336
41015;Cornélio Procópio;PR;-0,01167;-0,01222;-0,01265;-0,01237;-0,01252;-0,01321
41016;Jacarezinho;PR;-0,00699;-0,00693;-0,0079;-0,00812;-0,00829;-0,00882
41017;Ibaiti;PR;-0,0055;-0,00459;-0,00506;-0,00516;-0,00542;-0,00692
41018;Wenceslau Braz;PR;-0,00528;-0,00657;-0,00747;-0,00705;-0,00693;-0,00785
41019;Telêmaco Borba;PR;-0,00343;-0,00322;-0,00365;-0,00404;-0,00438;-0,00468
41020;Jaguariaíva;PR;-0,00706;-0,00644;-0,00699;-0,00733;-0,00673;-0,00774
41021;Ponta Grossa;PR;-0,00195;-0,00195;-0,00299;-0,00276;-0,00213;-0,00293
41022;Toledo;PR;-0,00058;-0,00068;-0,0016;-0,00214;-0,00168;-0,00319
41023;Cascavel;PR;-0,00231;-0,00299;-0,00431;-0,00415;-0,00354;-0,00459
41024;Foz do Iguaçu;PR;-0,01089;-0,01179;-0,01236;-0,01198;-0,01168;-0,01327
41025;Capanema;PR;-0,00601;-0,00698;-0,00702;-0,00819;-0,0081;-0,00853
41026;Francisco Beltrão;PR;-0,00392;-0,00454;-0,00579;-0,00589;-0,00563;-0,00691
41027;Pato Branco;PR;-0,00543;-0,00572;-0,00688;-0,00703;-0,00744;-0,00777
41028;Pitanga;PR;-0,02338;-0,02348;-0,02414;-0,0244;-0,02278;-0,02514
41029;Guarapuava;PR;-0,00887;-0,0087;-0,01048;-0,01073;-0,00946;-0,01085
41030;Palmas;PR;-0,00733;-0,00713;-0,00771;-0,00761;-0,00662;-0,00646
41031;Prudentópolis;PR;-0,00229;-0,00229;-0,00291;-0,00359;-0,00346;-0,00335
41032;Irati;PR;-0,00391;-0,00413;-0,00474;-0,00587;-0,00469;-0,0071
41033;União da Vitória;PR;-0,00524;-0,00667;-0,0073;-0,00779;-0,00728;-0,00864
41034;São Mateus do Sul;PR;-0,00035;-0,00165;-0,00161;-0,00131;-0,00189;-0,00176
41035;Cerro Azul;PR;-0,01167;-0,01085;-0,01081;-0,011;-0,01072;-0,01374
41036;Lapa;PR;-0,00482;-0,00385;-0,00458;-0,00432;-0,00325;-0,00378
41037;Curitiba;PR;0,00056;0,00049;0,00008;-0,00003;0,00087;0,00056
41038;Paranaguá;PR;-0,00013;-0,00089;-0,00069;-0,00079;0,00085;-0,00097
41039;Rio Negro;PR;0,00236;0,00174;0,00052;-0,00006;0,00082;-0,00091
42001;São Miguel do Oeste;SC;-0,00765;-0,00684;-0,0085;-0,00862;-0,00778;-0,00869
42002;Chapecó;SC;0,00065;-0,00017;-0,00066;-0,001;-0,00037;-0,00158
42003;Xanxerê;SC;-0,00433;-0,00477;-0,00531;-0,00661;-0,0063;-0,00703
42004;Joaçaba;SC;-0,00425;-0,0048;-0,00515;-0,00644;-0,00605;-0,00608
42005;Concórdia;SC;-0,00675;-0,00681;-0,00841;-0,00841;-0,00767;-0,00949
42006;Canoinhas;SC;-0,00678;-0,00661;-0,00723;-0,00815;-0,00726;-0,00773
42007;São Bento do Sul;SC;-0,00333;-0,002;-0,00298;-0,0035;-0,00342;-0,00358
42008;Joinville;SC;0,00838;0,00845;0,00782;0,00733;0,0082;0,00767
42009;Curitibanos;SC;-0,00635;-0,00688;-0,00694;-0,0074;-0,00772;-0,00806
42010;Campos de Lages;SC;-0,01085;-0,01082;-0,01116;-0,01146;-0,01191;-0,01251
42011;Rio do Sul;SC;0,00089;0,00039;0,00073;-0,00018;0,00077;-0,00021
42012;Blumenau;SC;0,00989;0,00996;0,00933;0,00919;0,00932;0,0085
42013;Itajaí;SC;0,02201;0,02144;0,02087;0,01979;0,02072;0,02008
42014;Ituporanga;SC;-0,00318;-0,00175;-0,00208;-0,00341;-0,00259;-0,00399
42015;Tijucas;SC;0,01879;0,01837;0,01829;0,01827;0,01993;0,01888
42016;Florianópolis;SC;0,00909;0,00876;0,00814;0,00763;0,00784;0,00728
42017;Tabuleiro;SC;-0,0054;-0,00483;-0,0055;-0,00601;-0,00532;-0,00773
42018;Tubarão;SC;0,00116;0,0006;0,00038;0,00002;-0,0001;-0,0012
42019;Criciúma;SC;0,00156;0,00086;0,00016;-0,00024;0,00026;-0,00045
42020;Araranguá;SC;0,0022;0,0025;0,00201;0,00187;0,00199;0,00155
43001;Santa Rosa;RS;-0,00974;-0,00947;-0,01023;-0,01049;-0,01019;-0,01117
43002;Três Passos;RS;-0,01175;-0,01194;-0,01315;-0,01422;-0,0121;-0,01355
43003;Frederico Westphalen;RS;-0,01262;-0,01388;-0,01462;-0,01516;-0,01405;-0,01508
43004;Erechim;RS;-0,00742;-0,00783;-0,00905;-0,00954;-0,00873;-0,00881
43005;Sananduva;RS;-0,00721;-0,00817;-0,00876;-0,00845;-0,00745;-0,0099
43006;Cerro Largo;RS;-0,01029;-0,01131;-0,01107;-0,01173;-0,01119;-0,01182
43007;Santo Ângelo;RS;-0,01355;-0,01412;-0,01379;-0,01499;-0,01438;-0,01526
43008;Ijuí;RS;-0,00859;-0,00913;-0,00929;-0,01069;-0,01038;-0,01056
43009;Carazinho;RS;-0,00837;-0,00768;-0,0092;-0,01016;-0,0082;-0,00923
43010;Passo Fundo;RS;-0,00128;-0,00105;-0,00203;-0,00231;-0,0018;-0,00262
43011;Cruz Alta;RS;-0,0093;-0,00958;-0,01021;-0,01088;-0,0096;-0,0108
43012;Não-Me-Toque;RS;-0,00463;-0,00569;-0,00637;-0,00725;-0,00666;-0,00661
43013;Soledade;RS;-0,00776;-0,00869;-0,00868;-0,0094;-0,008;-0,00914
43014;Guaporé;RS;0,00317;0,00303;0,00167;0,00122;0,00119;0,0016
43015;Vacaria;RS;-0,00756;-0,00704;-0,00788;-0,00975;-0,0085;-0,00894
43016;Caxias do Sul;RS;0,00565;0,00536;0,00463;0,00422;0,0051;0,00503
43017;Santiago;RS;-0,00772;-0,00812;-0,00819;-0,00916;-0,00844;-0,00808
43018;Santa Maria;RS;-0,00473;-0,00382;-0,00464;-0,00574;-0,00474;-0,0055
43019;Restinga Seca;RS;-0,00964;-0,01002;-0,00992;-0,01007;-0,01107;-0,01105
43020;Santa Cruz do Sul;RS;-0,00069;-0,00085;-0,00169;-0,00221;-0,00134;-0,00178
43021;Lajeado-Estrela;RS;0,0021;0,00172;0,00114;0,00053;0,00087;0,0004
43022;Cachoeira do Sul;RS;-0,00883;-0,00768;-0,00833;-0,0092;-0,00912;-0,0102
43023;Montenegro;RS;0,00442;0,00409;0,00284;0,00234;0,00281;0,00276
43024;Gramado-Canela;RS;0,00314;0,00298;0,00216;0,00191;0,00253;0,00184
43025;São Jerônimo;RS;0,00063;0,00088;-0,00046;-0,00042;0,00024;0,00002
43026;Porto Alegre;RS;-0,00483;-0,00501;-0,00514;-0,00601;-0,00503;-0,00541
43027;Osório;RS;0,01042;0,00979;0,00886;0,00832;0,00917;0,00883
43028;Camaquã;RS;-0,00252;-0,00211;-0,00307;-0,00441;-0,00298;-0,00333
43029;Campanha Ocidental;RS;-0,01365;-0,0138;-0,01391;-0,01474;-0,01411;-0,01468
43030;Campanha Central;RS;-0,01202;-0,01183;-0,01314;-0,01411;-0,01417;-0,01379
43031;Campanha Meridional;RS;-0,00772;-0,00759;-0,00828;-0,00824;-0,00817;-0,00842
43032;Serras de Sudeste;RS;-0,00545;-0,00548;-0,00619;-0,00559;-0,00565;-0,00629
43033;Pelotas;RS;-0,00547;-0,00561;-0,0062;-0,00631;-0,00553;-0,00685
43034;Jaguarão;RS;-0,01163;-0,0123;-0,01337;-0,01352;-0,01205;-0,01329
43035;Litoral Lagunar;RS;-0,00303;-0,00436;-0,00541;-0,00652;-0,0052;-0,00554
50001;Baixo Pantanal;MS;-0,00297;-0,00501;-0,00649;-0,00456;-0,00459;-0,00498
50002;Aquidauana;MS;-0,00686;-0,00693;-0,00793;-0,00762;-0,00774;-0,00913
50003;Alto Taquari;MS;0,00188;0,00156;0,00108;0,0009;0,00266;0,00074
50004;Campo Grande;MS;0,00522;0,00512;0,00476;0,00464;0,00578;0,00486
50005;Cassilândia;MS;0,0091;0,00936;0,00877;0,00794;0,00934;0,00889
50006;Paranaíba;MS;-0,00292;-0,00185;-0,00383;-0,00354;-0,00208;-0,00421
50007;Três Lagoas;MS;0,00771;0,00713;0,00663;0,00698;0,00811;0,00588
50008;Nova Andradina;MS;0,00522;0,00657;0,00479;0,00417;0,00542;0,00454
50009;Bodoquena;MS;-0,00739;-0,01018;-0,00972;-0,0099;-0,00767;-0,01059
50010;Dourados;MS;0,00511;0,00611;0,00475;0,00531;0,00589;0,00441
50011;Iguatemi;MS;-0,00302;-0,00303;-0,00326;-0,0039;-0,00281;-0,00386
51001;Aripuanã;MT;0,02464;0,02604;0,02592;0,02709;0,0288;0,02764
51002;Alta Floresta;MT;-0,00148;-0,00047;-0,00172;-0,00194;-0,00152;-0,00177
51003;Colíder;MT;-0,00167;-0,00273;-0,00383;-0,00302;-0,00314;-0,00461
51004;Parecis;MT;0,02347;0,02506;0,0247;0,02461;0,02523;0,02505
51005;Arinos;MT;0,00021;-0,00139;-0,00163;-0,00032;0,00144;0,00014
51006;Alto Teles Pires;MT;0,04838;0,04784;0,0476;0,04801;0,04908;0,04925
51007;Sinop;MT;0,01597;0,01484;0,01433;0,01468;0,01611;0,01522
51008;Paranatinga;MT;0,00105;0,00368;-0,0005;0,00077;0,0016;0,00048
51009;Norte Araguaia;MT;0,01225;0,01243;0,01291;0,01187;0,01255;0,01284
51010;Canarana;MT;0,00843;0,00734;0,0077;0,00665;0,00817;0,00662
51011;Médio Araguaia;MT;-0,00436;-0,00386;-0,00613;-0,00566;-0,00601;-0,00603
51012;Alto Guaporé;MT;-0,00818;-0,00811;-0,01032;-0,00991;-0,00871;-0,01017
51013;Tangará da Serra;MT;0,01207;0,01189;0,01143;0,01144;0,01214;0,01154
51014;Jauru;MT;-0,00617;-0,00539;-0,00582;-0,00657;-0,00383;-0,00638
51015;Alto Paraguai;MT;-0,00939;-0,0112;-0,0117;-0,01034;-0,0088;-0,01089
51016;Rosário Oeste;MT;-0,01139;-0,01114;-0,01263;-0,01405;-0,01028;-0,01436
51017;Cuiabá;MT;-0,00135;-0,00227;-0,00295;-0,00285;-0,00161;-0,00296
51018;Alto Pantanal;MT;-0,00968;-0,01053;-0,0113;-0,01122;-0,01003;-0,0117
51019;Primavera do Leste;MT;0,02182;0,02131;0,02135;0,01984;0,0213;0,02111
51020;Tesouro;MT;-0,00604;-0,00746;-0,00731;-0,00783;-0,0062;-0,00749
51021;Rondonópolis;MT;0,00696;0,00694;0,00543;0,00595;0,00674;0,0059
51022;Alto Araguaia;MT;0,02068;0,02107;0,02091;0,0215;0,02224;0,02356
52001;São Miguel do Araguaia;GO;-0,0077;-0,00716;-0,00762;-0,00956;-0,00748;-0,00862
52002;Rio Vermelho;GO;-0,01107;-0,01214;-0,01152;-0,01039;-0,01197;-0,01206
52003;Aragarças;GO;-0,00472;-0,00466;-0,00471;-0,00436;-0,00434;-0,00437
52004;Porangatu;GO;-0,00782;-0,00754;-0,00813;-0,00809;-0,00711;-0,00727
52005;Chapada dos Veadeiros;GO;-0,00058;-0,00134;0,00067;-0,00128;0,00001;-0,00035
52006;Ceres;GO;-0,00042;-0,00061;-0,00149;-0,00139;-0,00164;-0,00119
52007;Anápolis;GO;0,00329;0,00289;0,00238;0,00185;0,00216;0,00184
52008;Iporá;GO;-0,01325;-0,01276;-0,01343;-0,01378;-0,01466;-0,01383
52009;Anicuns;GO;-0,00042;-0,00101;-0,00119;-0,00151;-0,002;-0,00128
52010;Goiânia;GO;0,00901;0,00874;0,00805;0,0081;0,00874;0,00859
52011;Vão do Paranã;GO;0,00445;0,00392;0,00391;0,00426;0,0059;0,00569
52012;Entorno de Brasília;GO;0,01107;0,01095;0,01026;0,01037;0,01146;0,01116
52013;Sudoeste de Goiás;GO;0,01428;0,01371;0,01309;0,01339;0,01378;0,01396
52014;Vale do Rio dos Bois;GO;0,00123;0,00063;0,00043;0,0001;0,0007;0,00047
52015;Meia Ponte;GO;0,00452;0,00417;0,00359;0,00376;0,00388;0,00362
52016;Pires do Rio;GO;-0,00191;-0,00166;-0,00153;-0,00227;-0,00186;-0,00256
52017;Catalão;GO;0,01217;0,01108;0,01106;0,01125;0,01102;0,01098
52018;Quirinópolis;GO;0,00642;0,00687;0,00541;0,00577;0,00628;0,00642
53001;Brasília;DF;0,00671;0,00628;0,00632;0,00572;0,00656;0,00609
